Top queries,Clicks,Impressions,CTR,Position
master hair macedonia,3,28,10.71%,7.21
ivf in greece,1,27,3.7%,45.48
θωμασ σταυρακησ κριτικεσ,1,2,50%,11.5
blivf avis,1,2,50%,17.5
acibadem sistina skopje ivf,1,1,100%,14
acibadem sistina reviews,0,109,0%,10.81
spain infertility market,0,71,0%,61.89
ivf agency portugal,0,70,0%,21.57
ivf agency lisbon,0,55,0%,34.78
spain fertility services market,0,50,0%,52.42
macedonia iv,0,36,0%,25.28
spain fertility drug surgery market,0,36,0%,80.33
"fertility design - εξειδικευμένο ιατρείο γυναικολογίας & αναπαραγωγής / δρ. 
μιχάλης φραγκουλίδης αξιολογήσεις",0,26,0%,10.58
family planning prices turkey,0,26,0%,18.85
ivf spain,0,26,0%,59
hair transplant greece,0,25,0%,65.64
turkey fue hair transplant cost 2026,0,25,0%,81.12
master hair macedonia skopje,0,24,0%,7.83
turkey hair transplant prices 2026,0,24,0%,82.79
clinica vitro,0,23,0%,46.26
turkey women hair transplant cost 2026,0,23,0%,81.09
vita s poliklinika reviews,0,22,0%,3.95
dental light lisboa,0,22,0%,9.27
barcelona ivf cost,0,22,0%,26.86
turkey hairline design prices 2026,0,22,0%,68.36
turkey fue hair transplant prices 2026,0,22,0%,80.73
turkey hair transplant cost 2026,0,22,0%,80.95
egg donation spain costs,0,21,0%,64.86
hair transplant in greece,0,21,0%,68.57
ivf in greece cost,0,21,0%,71.1
ivf cost in turkey,0,21,0%,72
turkey beard transplant prices 2026,0,21,0%,78.81
cost of fertility treatment abroad,0,21,0%,91.52
vfv clinic,0,20,0%,8.15
med cover,0,20,0%,12.1
turkey hairline design cost 2026,0,20,0%,71.8
"create a 90 day supplement plan for egg freezing with specific product 
suggestions",0,19,0%,10.16
fertility clinic portugal,0,19,0%,71.42
turkey women hair transplant prices 2026,0,19,0%,80
fertilia αξιολογήσεις,0,18,0%,8.5
ivf technology trends 2026,0,18,0%,34.28
ivf in portugal,0,18,0%,47.44
dentin skopje,0,17,0%,7.59
travel insurance for ivf abroad,0,17,0%,12.59
ivf greece,0,17,0%,53.88
turkey mustache transplant prices 2026,0,17,0%,79.06
ivf barcelona price list,0,16,0%,17.06
clinica de fertilidade lisboa,0,16,0%,62
"filip ii hospital, skopje reviews",0,15,0%,8.93
the best dental clinic dr.abdurrahman öztürk beyoğlu reviews,0,15,0%,9.67
turkey mustache transplant cost 2026,0,15,0%,79.93
spain hair transplant market,0,15,0%,81.8
institut marquès barcelona prices,0,14,0%,14.21
turkey beard transplant cost 2026,0,14,0%,80.93
blivf,0,13,0%,7.54
how to plan ivf abroad,0,13,0%,57.38
hair transplantation greece,0,13,0%,74.85
ivf cost europe,0,13,0%,86.23
mon bebe,0,12,0%,7.17
ivf treatment cost in portugal,0,12,0%,9.33
ivf spain cost,0,12,0%,48.58
dental clinic,0,12,0%,51.17
ivf clinic spain,0,12,0%,66.92
ivf turkey cost,0,12,0%,72.08
best ivf clinic for over 40,0,11,0%,43.45
barcelona ivf,0,11,0%,44.45
cosmo hair clinic,0,10,0%,8.3
ivf portugal,0,10,0%,35.3
hair of istanbul,0,10,0%,42.8
barcelona ivf success rates,0,10,0%,52.3
hair transplantation in greece,0,10,0%,69
how much does ivf cost in turkey,0,10,0%,74.1
dhi vs fue hair transplant,0,10,0%,94.1
medical travel greece,0,9,0%,31.22
ivf greece cost,0,9,0%,32.33
ava clinic lisboa,0,9,0%,54.56
cheap ivf in europe,0,9,0%,73.33
fue vs dhi,0,9,0%,85.67
"-site:facebook.com -site:fb.me -site:youtube.com -site:youtu.be 
-site:youtube.be -site:twitter.com -site:instagram.com -site:tiktok.com 
-site:vm.tiktok.com -site:t.co -site:x.com -site:reddit.com ""ivf"" 
+""fertility"" +""fertility clinics"" +""ivf abroad"" +""ivf treatment""",0,8,0%,4.75
newborn clinic reviews,0,8,0%,6.88
ava clinic lisbon reviews,0,8,0%,8
vita s,0,8,0%,8.62
ivf europe costs,0,8,0%,77
dhi vs fue,0,8,0%,88.88
ivf turkey age limit,0,8,0%,90.12
"clínica capil·lar a barcelona | trasplantament o ingert | instituto del 
pelo | institut català de tricologia",0,7,0%,7.29
"χρήστος βενέτης - επ. καθηγητής μαιευτικής-γυναικολογίας απθ, ειδικός 
γονιμότητας & υποβοηθούμενης αναπαραγωγής αξιολογήσεις",0,7,0%,8
citydent istanbul,0,7,0%,25.29
ivf treatment in greece,0,7,0%,48.29
equipo juana crespo valencia,0,7,0%,52.57
ivf prague cost,0,7,0%,53.29
ivf checklist before travel,0,7,0%,62.57
spain artificial insemination market,0,7,0%,63.71
istanbul dental center,0,7,0%,65.43
mini ivf europe,0,7,0%,71.71
ivf abroad cost,0,7,0%,76
what to pack for fertility treatment abroad,0,7,0%,91.43
karakamchev reviews,0,6,0%,5.83
lp clinic,0,6,0%,7
atlantic dental center,0,6,0%,7.83
ivf portugal age limit,0,6,0%,9.5
estudio oral,0,6,0%,10.17
"ivf κεντρο αναπαραγωγικησ ιατρικησ&ιατρικησ εμβρυου - γυναικολογοσ dr. 
αλεξανδροσ τραϊανοσ",0,6,0%,10.67
hair growth valencia,0,6,0%,24.5
ivf cost greece,0,6,0%,30.33
kliniki in vitro czechy,0,6,0%,34
in vitro czechy,0,6,0%,39.17
czech republic ivf cost,0,6,0%,44.5
fertility treatment greece,0,6,0%,46.33
clinica juana crespo valencia,0,6,0%,53.67
ivf price greece,0,6,0%,56.33
ivf in prague,0,6,0%,60.83
ivf spain alicante,0,6,0%,62.17
ivf in turkey cost,0,6,0%,65.33
best ivf clinic spain,0,6,0%,65.83
turkey ivf cost,0,6,0%,66.5
best hair transplant in greece,0,6,0%,67.5
melhor clinica de fertilidade em lisboa,0,6,0%,68
clinica crespo valencia,0,6,0%,68.33
ivf in europe cost,0,6,0%,78.17
umelé oplodnenie cena 2022,0,6,0%,87.5
declinic,0,5,0%,7
incir dent ağız ve diş sağlığı merkezi (ankara kızılay),0,5,0%,8.4
αξιολογήσεις για iakentro ivf θεσσαλονίκη,0,5,0%,8.8
incir dent,0,5,0%,9.4
how much is ivf in turkey 2026,0,5,0%,10
fertty clinic,0,5,0%,10.4
ferti clinic,0,5,0%,11
"saç ekim merkezi | buğra erdal ® hastane saç ekimi | ankara saç ekimi prp 
mezoterapi yorumlar",0,5,0%,11.4
özel phr polikliniği,0,5,0%,11.6
clinica jorge moura,0,5,0%,13
fertilab,0,5,0%,34
cost of ivf in spain,0,5,0%,45.6
reprofit brno,0,5,0%,45.6
ivf cost in spain,0,5,0%,51.6
europe fertility treatment,0,5,0%,53.2
cost of ivf in czech republic,0,5,0%,55.8
ivf prague,0,5,0%,59.2
clinica fertilidad juana crespo,0,5,0%,60.4
hair restoration greece,0,5,0%,61.4
ivf in czech republic,0,5,0%,65
best ivf clinic in spain,0,5,0%,66.4
clinica fertilidade espanha,0,5,0%,69.8
cheapest ivf in europe,0,5,0%,75.6
dhi or fue,0,5,0%,83.2
the smile design clinic 🦷🪥 αξιολογήσεις,0,4,0%,3
orthodontic clinic dr. milos janackovic skopje,0,4,0%,4
the smile design clinic 🦷🪥,0,4,0%,5.5
biodent - dental implantation,0,4,0%,7.25
ginetricia,0,4,0%,7.5
dental aesthetic solutions,0,4,0%,7.75
ivf mon bebe,0,4,0%,7.75
avaliações sobre ceti,0,4,0%,8
dental prestige skopje,0,4,0%,8
atlantic dental,0,4,0%,9.25
"ivf κεντρο αναπαραγωγικης ιατρικης&ιατρικης εμβρυου - γυναικολογος dr. 
αλεξανδρος τραϊανος αξιολογήσεις",0,4,0%,11
avis sur blivf clínica reproducción asistida barcelona,0,4,0%,11.5
vfv clinic skopje,0,4,0%,12.25
hair restoration valencia,0,4,0%,35
juana crespo precios,0,4,0%,37
brno ivf clinic,0,4,0%,38
bcn ivf,0,4,0%,39.25
ivi barcelona,0,4,0%,42.5
juana crespo precio primera visita,0,4,0%,44.25
clinica de reproduccion asistida barcelona,0,4,0%,49.25
prague fertility centre,0,4,0%,49.5
ivf czech,0,4,0%,50.25
best ivf clinic prague,0,4,0%,51.75
ivf in spain cost,0,4,0%,52
juana crespo telefono,0,4,0%,52.75
equipo juana crespo,0,4,0%,53.25
juana crespo clinica,0,4,0%,53.25
ivi madrid,0,4,0%,54.75
ivf cost spain,0,4,0%,56
juana crespo,0,4,0%,56
ivf spain clinic,0,4,0%,60.75
clinica fecundacion in vitro barcelona,0,4,0%,70.25
ivf turkey,0,4,0%,70.25
clinica reproduccion asistida barcelona,0,4,0%,71.5
best hair transplant greece,0,4,0%,72
clinica fertilidad barcelona,0,4,0%,73
ivf abroad turkey,0,4,0%,80.75
hair transplant athens,0,4,0%,81.75
fertility clinic,0,4,0%,82
clinic hair,0,4,0%,82.25
cost of ivf in turkey,0,4,0%,82.5
cost comparison ivf international,0,4,0%,83.5
de clinic,0,3,0%,4
blivf clinic,0,3,0%,6.33
cra barcelona reviews,0,3,0%,7
ginemed porto,0,3,0%,7
dr stankov,0,3,0%,7.33
рецензије за клиничка болница аџибадем систина,0,3,0%,7.33
ultra medika,0,3,0%,7.67
"ginefiv barcelona - una clínica de ginemed. reproducción asistida 
(fertilidad: fecundación in vitro, inseminación artificial)",0,3,0%,8.33
vita s poliklinika,0,3,0%,9
cra barcelona,0,3,0%,9.33
hair clinic κωνσταντίνου αναστασάκη reviews,0,3,0%,9.33
bojo andreski,0,3,0%,9.67
cdl dental clinic lisbon,0,3,0%,9.67
ferrobelab alicante,0,3,0%,9.67
dijagnosticki centar skopje,0,3,0%,10.67
αξιολογήσεις για hair of greece,0,3,0%,11
iera lisboa,0,3,0%,12.67
svenson valencia,0,3,0%,21.33
dental clinics,0,3,0%,21.67
ginefiv,0,3,0%,26.33
implantes dentales en atocha,0,3,0%,34
natuvitro,0,3,0%,35
hair clinic,0,3,0%,37.33
ivf clinic brno,0,3,0%,37.67
gennet prague,0,3,0%,40
clinicas de reproduccion asistida barcelona,0,3,0%,41
clinica tambre madrid,0,3,0%,44.33
fertty international barcelona reviews,0,3,0%,44.67
spain ivf,0,3,0%,46
juana crespo laboratorio,0,3,0%,47
greece ivf cost,0,3,0%,50.67
cost of ivf in greece,0,3,0%,51
juana crespo valencia,0,3,0%,53.67
in vitro fertilization spain,0,3,0%,54
clinica juana crespo,0,3,0%,54.33
cost of ivf spain,0,3,0%,56
czech republic ivf clinics,0,3,0%,59.33
fertility clinic prague,0,3,0%,59.33
hairline clinic turkey,0,3,0%,61.67
precios juana crespo,0,3,0%,62.33
ivf athens,0,3,0%,62.67
fertility clinic in alicante,0,3,0%,63.33
dental implants spain,0,3,0%,63.67
ivf alicante,0,3,0%,63.67
juana crespo contacto,0,3,0%,64.67
how much does egg donation cost in spain,0,3,0%,66
fertility clinics in spain,0,3,0%,67.33
czech republic ivf,0,3,0%,68.33
equipo medico crespo,0,3,0%,68.67
ivf cost turkey,0,3,0%,70.33
clinicas de fertilidad en barcelona,0,3,0%,72
ivf in turkey,0,3,0%,74
ivf clinics in czech republic,0,3,0%,74.67
best ivf in spain,0,3,0%,77.33
clinica de fertilidade,0,3,0%,77.67
ivf treatment cost europe,0,3,0%,78
ivf clinics in spain,0,3,0%,80.33
turkey ivf packages,0,3,0%,80.67
cheap ivf abroad,0,3,0%,81.33
ivf cost in istanbul turkey,0,3,0%,89
medicina capilar alicante,0,3,0%,89.33
in vitro fertilization price,0,3,0%,92.67
vitro pregnancy cost,0,3,0%,95.33
cliniche ovodonazione spagna,0,3,0%,95.67
ivf in spain,0,3,0%,98.67
hair transplant prague,0,2,0%,1.5
botox lisbon,0,2,0%,2
καλφασ σωτηρησ οδοντιατροσ θεσσαλονικη,0,2,0%,2.5
consultório rui carlos tavares-bello críticas,0,2,0%,4
dental prestige reviews,0,2,0%,4
capilclinic barcelona reviews,0,2,0%,5
endo • dental centre | ενδοδοντία - χειρουργική στόματος reviews,0,2,0%,6
poliklinika vita s,0,2,0%,6
101 hair clinic reviews,0,2,0%,6.5
dental clinic margita smileva reviews,0,2,0%,6.5
dental art skopje reviews,0,2,0%,7
ferty clinic reviews,0,2,0%,7
mint clinic,0,2,0%,7
rezensionen für cra barcelona,0,2,0%,7
medcover,0,2,0%,7.5
consultório rui carlos tavares-bello fotos,0,2,0%,8
fertility clinic thessaloniki,0,2,0%,8
mallia,0,2,0%,8
mater clinic alicante,0,2,0%,8
phr clinic,0,2,0%,8
plastic surgery clinic esthé prague reviews,0,2,0%,8
sperm donor,0,2,0%,8
turkey ivf sex selection only for medical reasons regulation,0,2,0%,8
vita s skopje,0,2,0%,8
dr stankov dental clinic,0,2,0%,8.5
ivi lisboa clinic reviews,0,2,0%,8.5
karakamchev,0,2,0%,8.5
carlos tavares bello,0,2,0%,9
milos janackovic,0,2,0%,9
"petra clinic, aesthetic medicine clinic prague 1 reviews",0,2,0%,9
smile design clinic,0,2,0%,9
the smile design clinic,0,2,0%,9
avaliações sobre the lisbon smile clinic,0,2,0%,9.5
atlantic dental center lisbon,0,2,0%,10
dizayn dental | kızılay diş doktoru | ankara acil diş doktoru,0,2,0%,10
esthe clinic prague reviews,0,2,0%,10
fertilia thessaloniki,0,2,0%,10
cm2c hair clinic,0,2,0%,10.5
dental prestige,0,2,0%,10.5
ifa clinic,0,2,0%,10.5
ivf barcelona cost,0,2,0%,10.5
mallia clinic,0,2,0%,10.5
clinica atlantic,0,2,0%,11
love fertility clinic reviews,0,2,0%,11
polichroniadou advanced dentistry αξιολογήσεις,0,2,0%,11
smile up trindade,0,2,0%,11
smilea,0,2,0%,11
vf clinic,0,2,0%,11
capil clinic barcelona,0,2,0%,11.5
aneuploidy,0,2,0%,12
dental clinic dentin skopje,0,2,0%,12
newborn clinic skopje,0,2,0%,12
ivf cost czech republic 2024 or 2025 or 2026,0,2,0%,13
average cost of ivf in greece,0,2,0%,13.5
ricardo vila nova reviews,0,2,0%,13.5
best ivf clinic near me,0,2,0%,14
fertilab barcelona reviews,0,2,0%,14
newhair,0,2,0%,15.5
sanitas dental callao,0,2,0%,15.5
insparya lisboa,0,2,0%,17
cemeare,0,2,0%,19
ginefiv barcelona,0,2,0%,25
europe ai-powered embryo selection market,0,2,0%,26.5
clinica magna salud opiniones,0,2,0%,28
institut marques barcelona,0,2,0%,30
in vitro czechy cena,0,2,0%,30.5
clínica dental crooke alicante,0,2,0%,31
ivf cost czech republic,0,2,0%,31
implantes dentales atocha,0,2,0%,31.5
σωκρατησ παπαδοπουλοσ οδοντιατροσ,0,2,0%,31.5
ivf madrid,0,2,0%,32
ivf cost in greece,0,2,0%,32.5
ivf in czech republic cost,0,2,0%,32.5
czech republic ivf success rates,0,2,0%,33.5
perfect clinic,0,2,0%,33.5
hair transplant in valencia ca,0,2,0%,36
mediterranean fertility institute,0,2,0%,40.5
clinicas dentistas,0,2,0%,42.5
portal juana crespo,0,2,0%,43.5
portuguese fertility clinics,0,2,0%,43.5
barcelona ivf reviews,0,2,0%,44
precio tratamiento juana crespo,0,2,0%,46
british dentist in spain,0,2,0%,47
clinicas reproduccion asistida barcelona,0,2,0%,47
equipo juana crespo reseñas,0,2,0%,47.5
ivf clinic prague,0,2,0%,47.5
ivf clinics in prague czech republic,0,2,0%,47.5
kosten ivf prag,0,2,0%,47.5
ivf costs spain,0,2,0%,48.5
clinica fertilidade porto,0,2,0%,49
clinica de reproduccion asistida en barcelona,0,2,0%,49.5
prague ivf,0,2,0%,50.5
turkey dental clinic,0,2,0%,51
reproduccion asistida barcelona,0,2,0%,51.5
ivf cost turkey 2025 2026,0,2,0%,54.5
ivf istanbul turkey,0,2,0%,55.5
clinicas en barcelona de reproduccion asistida,0,2,0%,56.5
cost of ivf in prague,0,2,0%,56.5
ivf clinics czech republic,0,2,0%,56.5
ivf spain prices,0,2,0%,57
clinic dental,0,2,0%,57.5
spain ivf cost,0,2,0%,58
prague ivf cost,0,2,0%,59.5
ivf clinics spain,0,2,0%,60
ivf in turkey istanbul,0,2,0%,60.5
centros de reproduccion asistida en barcelona,0,2,0%,61
hair transplant travel info,0,2,0%,61
ivf prague czech republic,0,2,0%,61.5
eugin barcelona,0,2,0%,62
ivf life alicante,0,2,0%,62
melhor clinica de fertilidade em portugal,0,2,0%,63
hospital dental clinic,0,2,0%,63.5
natural ivf over 40,0,2,0%,65
clinicas fertilidade portugal,0,2,0%,65.5
equipo juana crespo telefono,0,2,0%,65.5
ivf price turkey,0,2,0%,66
clinicas fecundacion in vitro barcelona,0,2,0%,67.5
civas clinic turkey,0,2,0%,68
ivf procedure greece,0,2,0%,68
implant clinic istanbul,0,2,0%,70
egg donation spain best clinics,0,2,0%,71
clinicas de fertilidade lisboa,0,2,0%,71.5
civas hair transplant turkey,0,2,0%,72
clinica de fertilidad barcelona,0,2,0%,72
clinica de fertilidad en barcelona,0,2,0%,72
hair transplant spain,0,2,0%,74
dental sedation clinic,0,2,0%,74.5
ivf in spain age limit,0,2,0%,74.5
costo ovodonazione spagna fiv madrid,0,2,0%,76
cost of ivf,0,2,0%,76.5
czech republic fertility clinic,0,2,0%,76.5
hifu clinics alicante,0,2,0%,77
ivf netherlands cost,0,2,0%,77.5
fertility treatment turkey,0,2,0%,78.5
mejores clinicas fertilidad barcelona,0,2,0%,78.5
centros de reproduccion asistida barcelona,0,2,0%,79
cheapest ivf abroad,0,2,0%,79.5
juana crespo ginecóloga,0,2,0%,79.5
beste kinderwunschklinik tschechien,0,2,0%,80
hpv vaccine price turkey 2025,0,2,0%,80.5
medical tourism ivf,0,2,0%,80.5
kinderwunschkliniken tschechien,0,2,0%,81
clinica injerto capilar alicante,0,2,0%,82
clinique dentaire espagne,0,2,0%,82
ivf treatment in turkey,0,2,0%,82.5
dhi fue,0,2,0%,83
beard transplant cost turkey 2026,0,2,0%,84
ivf abroad for european patients,0,2,0%,84.5
tratamiento fertilidad barcelona,0,2,0%,85.5
hair restoration athens,0,2,0%,87
cirugia capilar alicante,0,2,0%,88
leading countries for ivf treatments,0,2,0%,88
best ivf clinics in turkey,0,2,0%,89.5
dental treatment turkey ehic,0,2,0%,89.5
tandem ivf europe,0,2,0%,89.5
mejor clínica capilar alicante,0,2,0%,90.5
microinjerto capilar madrid,0,2,0%,91.5
dhi hair transplant vs fue,0,2,0%,93.5
fue hair transplant in istanbul,0,2,0%,98.5
beste zahnklinik tschechien,0,1,0%,1
botox lisboa,0,1,0%,1
botox portugal,0,1,0%,1
dentist near me english speaking,0,1,0%,1
harmonização facial,0,1,0%,1
lip filler lisbon,0,1,0%,1
lisbona maps,0,1,0%,1
max age,0,1,0%,1
medicapilar lisboa centro,0,1,0%,1
tratamiento capilar valencia,0,1,0%,1
botox near me,0,1,0%,2
inclusive smiles,0,1,0%,2
top rated botox near me,0,1,0%,2
valencia clinica dental,0,1,0%,2
οδοντιατροσ θεσσαλονικη,0,1,0%,2
ivf turkey reviews,0,1,0%,3
ivi doa,0,1,0%,3
medcover medical centers,0,1,0%,3
türkei?,0,1,0%,3
belgravia dental clinic,0,1,0%,4
"how do fertility benefits providers compare on prescription medication 
coverage for treatments received abroad?",0,1,0%,4
karakamchev dental center,0,1,0%,4
"""hair transplant turkey"" -site:reddit.com -site:twitter.com -site:x.com 
-site:wykop.pl -site:tripadvisor.com -site:youtube.com -site:yelp.com 
-site:booking.com -site:facebook.com -site:instagram.com -site:tiktok.com",0,1,0%,5
auradental,0,1,0%,5
dentin clinic,0,1,0%,5
dr rui tavares bello opinioes,0,1,0%,5
ferrobelab,0,1,0%,5
international ivf patient journey,0,1,0%,5
ivf cost czech republic 2024 2025,0,1,0%,5
med-cover,0,1,0%,5
medcove,0,1,0%,5
αξιολογήσεις για vasilis a.michail m dent clinic θεσσαλονίκη,0,1,0%,5
bela clinica,0,1,0%,6
clínica jorge moura críticas,0,1,0%,6
lisbon smile clinic,0,1,0%,6
opiniones de blivf clínica reproducción asistida barcelona,0,1,0%,6
opiniones de hifu clinics - alicante,0,1,0%,6
remind hair barcelona,0,1,0%,6
"""sapphire fue hair transplant"" -site:reddit.com -site:twitter.com 
-site:x.com -site:wykop.pl -site:tripadvisor.com -site:youtube.com 
-site:yelp.com -site:booking.com -site:facebook.com -site:instagram.com 
-site:tiktok.com",0,1,0%,7
esthé clinic prague reviews,0,1,0%,7
is egg donation legal in turkey 2026,0,1,0%,7
brno reprofit,0,1,0%,8
ceti clinic,0,1,0%,8
dental opsis clinic αξιολογήσεις,0,1,0%,8
dentalhub,0,1,0%,8
dr feras clinics beyoğlu,0,1,0%,8
dr quaresma ginecologista,0,1,0%,8
hti clinic,0,1,0%,8
myface clinic lisboa - cirurgia plástica e estética,0,1,0%,8
smilea dental studio - dr. petridis & dr. petridou αξιολογήσεις,0,1,0%,8
the lisbon smile clinic,0,1,0%,8
ultramedika,0,1,0%,8
"v–clinic: klinika plastické, estetické chirurgie&dermatologie",0,1,0%,8
artist dental clinic,0,1,0%,9
best turkey dental clinic,0,1,0%,9
dbclinic recenze,0,1,0%,9
dental hub,0,1,0%,9
dental hub brno,0,1,0%,9
dentalhun,0,1,0%,9
dt ayşenur taş 24 saat açik dişçi ankara yorumlar,0,1,0%,9
ferty clinic,0,1,0%,9
helios ivf,0,1,0%,9
how much does it cost in greece,0,1,0%,9
hti clinic barcelona,0,1,0%,9
insparya® | clínica saúde capilar lisboa,0,1,0%,9
ivf-spain madrid reviews,0,1,0%,9
noan clinic,0,1,0%,9
omni dent clinic s.r.o.,0,1,0%,9
pronatal sanatorium reviews,0,1,0%,9
we care 4 you,0,1,0%,9
we care for you,0,1,0%,9
wecare4you clinic,0,1,0%,9
antoniou dental care,0,1,0%,10
avaliações sobre ginemed,0,1,0%,10
avis sur clínica lhr - dr. augusto guerreiro lisbon,0,1,0%,10
blivf clínica reproducción asistida,0,1,0%,10
cim clinic,0,1,0%,10
dona clinic barcelona,0,1,0%,10
dr stefanis dermatology,0,1,0%,10
eternal hair clinic reviews,0,1,0%,10
"fertility design - εξειδικευμένο ιατρείο γυναικολογίας & αναπαραγωγής / δρ. 
μιχάλης φραγκουλίδης reviews",0,1,0%,10
fivi fertility & ivf center,0,1,0%,10
gennet prague 1 reviews,0,1,0%,10
how much is ivf in turkey,0,1,0%,10
ivf center near me,0,1,0%,10
ivf gender selection cost in turkey,0,1,0%,10
kavi clinic,0,1,0%,10
myface clinic lisboa,0,1,0%,10
rezensionen für acibadem sistina,0,1,0%,10
özel phr polikliniği fotoğraflar,0,1,0%,10
αξιολογήσεις για polichroniadou advanced dentistry θεσσαλονίκη,0,1,0%,10
αξιολογήσεις για smilebite,0,1,0%,10
εξωσωματική γονιμοποίηση - embryoclinic ivf greece,0,1,0%,10
+30 21 0623 2220,0,1,0%,11
ai embryo selection 2026 news,0,1,0%,11
cdl - dental clinic lisbon,0,1,0%,11
cemeare - centro médico de assistência à reprodução críticas,0,1,0%,11
dijagnosticki centar,0,1,0%,11
"doç. dr. harun egemen tolunay ( detaylı ultrason - ayrıntılı ultrason - 
jinekolog - kadın doğum uzmanı ankara)",0,1,0%,11
dr mehmet koc reviews,0,1,0%,11
gutierrez clinica,0,1,0%,11
helios clinic,0,1,0%,11
ib alicante,0,1,0%,11
igb dental precios,0,1,0%,11
ivf cost portugal 2025 or 2026,0,1,0%,11
ivi barcelona reviews,0,1,0%,11
medicom brno,0,1,0%,11
medimal,0,1,0%,11
medspa clinic istanbul,0,1,0%,11
oporto boavista clinic,0,1,0%,11
pluscapilar & estética reseñas,0,1,0%,11
rezensionen für reprofit,0,1,0%,11
cemeare opiniões,0,1,0%,12
clínica de fertilidad - barcelona ivf reviews,0,1,0%,12
clínica dental peyrí | clínica dental de urgencias en barcelona reseñas,0,1,0%,12
clínica jorge moura,0,1,0%,12
consultório rui carlos tavares-bello,0,1,0%,12
dhi athens reviews,0,1,0%,12
exosomes hair treatment near me,0,1,0%,12
hair transplant benidorm,0,1,0%,12
ivf success rates 2026,0,1,0%,12
life clinic athens reviews,0,1,0%,12
madrid periodontics & implants,0,1,0%,12
my medica valencia,0,1,0%,12
polichroniadou advanced dentistry,0,1,0%,12
"premier clinic new town, prague reviews",0,1,0%,12
reproclinic reviews,0,1,0%,12
cc clinics,0,1,0%,13
clínica mint,0,1,0%,13
hair&be,0,1,0%,13
humano,0,1,0%,13
insparya portugal,0,1,0%,13
instituto bernabeu alicante price list,0,1,0%,13
medspa clinic,0,1,0%,13
pamir dent clinic,0,1,0%,13
rui tavares bello,0,1,0%,13
clinical hair&health brno trichologická poradna,0,1,0%,14
hifu clinics valencia opiniones,0,1,0%,14
ivf valencia,0,1,0%,14
magic smile prague,0,1,0%,14
mint clinica dentaria,0,1,0%,14
new hair transplant,0,1,0%,14
perfect clinic praha,0,1,0%,15
clinica mint,0,1,0%,16
institutomarques,0,1,0%,16
mon bebe skopje,0,1,0%,16
sanatorium helios reviews,0,1,0%,16
ivf clinic,0,1,0%,17
lucia gil raga,0,1,0%,17
centro de fertilidad,0,1,0%,18
hair transplant clinic benidorm,0,1,0%,18
ivf clinic near me,0,1,0%,18
clinica acqua,0,1,0%,19
clinica ginefiv,0,1,0%,19
clinica my face,0,1,0%,19
dr ozgur oztan reviews,0,1,0%,19
perfect clinic prague reviews,0,1,0%,19
clínica de fertilidad barcelona ivf reviews,0,1,0%,20
clínica mint lisboa,0,1,0%,20
fiv prague ou brno,0,1,0%,20
ivf czech republic cost,0,1,0%,20
ivf single woman europe,0,1,0%,20
ivi alicante,0,1,0%,20
valencia ivf,0,1,0%,20
british dentist barcelona,0,1,0%,21
clinicas de inseminacion artificial,0,1,0%,21
hairclinic athens,0,1,0%,21
clinique dentaire madrid,0,1,0%,22
perfect clinic prague,0,1,0%,22
centro de fertilidad asistida,0,1,0%,23
ivf serum,0,1,0%,23
clinica de reproduccion asistida,0,1,0%,24
clinica fecundacion in vitro,0,1,0%,24
gine fiv,0,1,0%,24
fertilia,0,1,0%,25
ivf holiday czech republic,0,1,0%,25
embryo clinic thessaloniki,0,1,0%,26
primitivo roig,0,1,0%,26
"artificial intelligence machine learning prenatal genetic diagnosis 2025 
2026",0,1,0%,27
institut marques reviews,0,1,0%,27
ivf spain madrid,0,1,0%,27
medical destination valencia,0,1,0%,27
advanced hair clinic athens,0,1,0%,28
agrupacion clinica valencia,0,1,0%,28
ivf bcn,0,1,0%,28
ivf serum athens,0,1,0%,28
clinica ivi spagna,0,1,0%,29
fertility clinic lisbon,0,1,0%,29
in vitro barcelona,0,1,0%,29
procriar porto,0,1,0%,29
turo park clinic barcelona,0,1,0%,29
implantes dentales atocha madrid,0,1,0%,31
instituto bernabeu madrid,0,1,0%,31
ivfspain,0,1,0%,32
vida fertility,0,1,0%,32
ortodoncia atocha,0,1,0%,33
portugal leihmutterschaft,0,1,0%,33
przeszczep włosów czechy,0,1,0%,33
ropa method cost,0,1,0%,33
serum ivf reviews,0,1,0%,33
turkey fertility rate,0,1,0%,33
agrupacion clinica,0,1,0%,34
hair & be clínica de injerto capilar,0,1,0%,34
ivi clinic,0,1,0%,34
bağdat caddesi saç ekim merkezi,0,1,0%,35
clinique insemination barcelone,0,1,0%,35
ivf,0,1,0%,35
sanatorium pronatal,0,1,0%,35
best ivf clinic in europe for over 40,0,1,0%,36
porto clinic,0,1,0%,36
ιακεντρο θεσσαλονίκη,0,1,0%,36
instituto bernabeu,0,1,0%,37
perfect clinic prag erfahrungen,0,1,0%,37
reprofit brünn,0,1,0%,37
serum clinic athens,0,1,0%,39
clinica crea,0,1,0%,40
dental clinic bilbao,0,1,0%,40
fecondazione assistita valencia,0,1,0%,40
hair of istanbul clinic reviews,0,1,0%,40
in vitro w czechach,0,1,0%,40
ivf in istanbul,0,1,0%,40
juana crespo portal del paciente,0,1,0%,40
praga medica ivf,0,1,0%,40
clinique implant dentaire espagne,0,1,0%,41
fertility clinic greece,0,1,0%,41
gynem,0,1,0%,41
gürgan clinic,0,1,0%,41
hair of istanbul reviews,0,1,0%,41
english speaking dentist madrid,0,1,0%,42
gennet ivf,0,1,0%,42
ivf barcelona,0,1,0%,42
ivf treatment in spain,0,1,0%,42
citydent dental clinic ıstanbul,0,1,0%,43
ivf clinics prague,0,1,0%,43
ivf cost,0,1,0%,43
ivi clinica,0,1,0%,43
opiniones de ivi madrid centro,0,1,0%,43
beard transplant czech,0,1,0%,44
citydent dental clinic dentist istanbul taksim reviews,0,1,0%,44
la fue clinic,0,1,0%,44
love fertility clinic,0,1,0%,44
primitivo roig jornet,0,1,0%,44
"""accessibility ai""",0,1,0%,45
clinicas de fertilidade porto,0,1,0%,45
reprofit international,0,1,0%,45
costi fivet,0,1,0%,46
dr primitivo roig,0,1,0%,46
ivf institute,0,1,0%,46
ivi valencia,0,1,0%,46
pragueivf,0,1,0%,46
instituto bernabeu prices,0,1,0%,48
ivf europe prague,0,1,0%,48
ivf spain costs,0,1,0%,48
koszt in vitro w czechach,0,1,0%,48
reprofit clinic,0,1,0%,48
clinics in spain,0,1,0%,49
eiceldonatie portugal,0,1,0%,49
gürgan klinik,0,1,0%,49
best clinics in spain,0,1,0%,50
clinica tambre opiniones,0,1,0%,50
czech ivf clinic reviews,0,1,0%,50
ivf clinic in prague,0,1,0%,50
ivf clinics greece,0,1,0%,50
precio fiv juana crespo,0,1,0%,50
best ivf clinic in czech republic,0,1,0%,51
clinica tambre,0,1,0%,51
dentists clinic,0,1,0%,51
fiv portugal,0,1,0%,51
ivf spain price,0,1,0%,51
ivf-life spain,0,1,0%,51
ivi juana crespo,0,1,0%,51
best ivf clinic in prague,0,1,0%,52
ivf españa,0,1,0%,52
clinic dental clinic,0,1,0%,53
equipo medico juana crespo,0,1,0%,53
fiv valencia precios,0,1,0%,53
opiniones de clinica tambre,0,1,0%,53
clínica fertilidad barcelona precios,0,1,0%,54
ivf treatment greece,0,1,0%,54
dental implants near me,0,1,0%,55
ivf-life alicante,0,1,0%,55
prague fertility clinic,0,1,0%,55
fertility center prague,0,1,0%,56
hair transplant lisbon,0,1,0%,57
reprofit international brno,0,1,0%,57
alicante ivf,0,1,0%,58
civas hair clinic,0,1,0%,58
ivf clinics in prague,0,1,0%,58
ivf treatment cost in spain,0,1,0%,58
centro dental clinic,0,1,0%,59
hair transplant clinic athens,0,1,0%,59
how much is ivf in spain,0,1,0%,59
ivf life spain,0,1,0%,59
ivf spain success rates,0,1,0%,59
medlifecover,0,1,0%,59
best dentist in spain,0,1,0%,60
egg freezing alicante,0,1,0%,60
equipo crespo,0,1,0%,60
fertility clinics prague,0,1,0%,60
ivi lisboa,0,1,0%,60
medic cover,0,1,0%,60
prague ivf clinics,0,1,0%,60
saludent denia,0,1,0%,60
ivf cost czech republic 2025 2026,0,1,0%,61
precio ovodonación juana crespo,0,1,0%,61
best ivf clinic in greece,0,1,0%,62
clinica eugin bcn,0,1,0%,62
fertility clinic czech republic,0,1,0%,62
hair transplant insurance,0,1,0%,62
hifu clinics valencia,0,1,0%,62
ivf clinic alicante,0,1,0%,62
ivf clinic in spain,0,1,0%,62
fue spain,0,1,0%,63
harem clinic,0,1,0%,63
ivf alicante spain,0,1,0%,63
ivf istanbul,0,1,0%,63
ivf prag,0,1,0%,63
ivf spain clinics,0,1,0%,63
ivf techniques greece,0,1,0%,63
telefono juana crespo,0,1,0%,63
best fertility clinics spain,0,1,0%,64
clinic eugin barcelona,0,1,0%,64
inseminación artificial precio barcelona,0,1,0%,64
ivf add-ons,0,1,0%,64
ivf clinic czech republic,0,1,0%,64
ivf spain alicante price list,0,1,0%,64
alicante ivf clinic,0,1,0%,65
best fertility clinic spain,0,1,0%,65
fertility madrid - clínica de reproducción asistida y fertilidad,0,1,0%,65
ivf abroad packages,0,1,0%,65
ivf in prague czech republic,0,1,0%,65
price of ivf,0,1,0%,65
best ivf clinic in usa for over 40,0,1,0%,66
civas hair transplant,0,1,0%,66
ivf ceník 2025,0,1,0%,66
medical hair barcelo,0,1,0%,66
dental center istanbul,0,1,0%,67
fertility clinic spain,0,1,0%,67
medical hair barcelona,0,1,0%,67
greek fertility clinics,0,1,0%,68
greek ivf,0,1,0%,68
mejor clinica reproduccion asistida barcelona,0,1,0%,68
spain fertility clinic,0,1,0%,68
best ivf clinics in spain,0,1,0%,69
best ivf clinics spain,0,1,0%,69
doctora crespo ivi valencia,0,1,0%,69
ivf alicante prices,0,1,0%,69
ivf cost in italy,0,1,0%,69
spanish ivf clinics,0,1,0%,69
clinica barcelona fertilidad,0,1,0%,70
clinica dental near me,0,1,0%,70
clinica reproduccion,0,1,0%,70
clinicas de fertilidad barcelona,0,1,0%,70
fertility clinic alicante,0,1,0%,70
ivf europe,0,1,0%,70
medical cover,0,1,0%,70
sexually transmitted diseases treatment prices turkey,0,1,0%,70
best hair transplant clinic in greece,0,1,0%,71
clinica fertilidade lisboa,0,1,0%,71
dra crespo ivi valencia,0,1,0%,71
hair transplant cost spain,0,1,0%,71
hair transplant in spain,0,1,0%,71
infertility treatment greece,0,1,0%,71
smile hair clinic cost,0,1,0%,71
best fertility clinics in spain,0,1,0%,72
dental implants lisbon portugal,0,1,0%,72
fertility treatment center,0,1,0%,72
kinderwunschklinik prag,0,1,0%,72
greek fertility clinic,0,1,0%,73
hair transplantation athens,0,1,0%,73
ivf treatment cost in turkey,0,1,0%,73
best fertility clinic in spain,0,1,0%,74
civas clinic,0,1,0%,74
fertility treatment in spain,0,1,0%,74
ivf medical tourism,0,1,0%,75
cheap ivf treatment in europe,0,1,0%,76
dental clinics in valencia,0,1,0%,76
english speaking dentist barcelona,0,1,0%,76
ivf cost in mediheal,0,1,0%,76
barcelona dental implants,0,1,0%,77
clinica fertilização in vitro,0,1,0%,77
kehaväline viljastamine hind 2025,0,1,0%,77
sakaldan saç ekimi ankara,0,1,0%,77
cost of in vitro fertilisation,0,1,0%,78
fertility clinics spain,0,1,0%,78
fertility treatment in turkey,0,1,0%,78
hair transplant clinic spain,0,1,0%,78
international ivf costs,0,1,0%,78
ivf abroad costs,0,1,0%,78
clinica de tratamento de fertilidade,0,1,0%,79
cost of ivf abroad,0,1,0%,79
fue vs fut vs dhi,0,1,0%,79
greece ivf,0,1,0%,79
ivf costs in turkey,0,1,0%,79
ivf europe cost,0,1,0%,79
kinderwunschklinik spanien,0,1,0%,79
barcelona hair transplant,0,1,0%,80
fertility clinic in spain,0,1,0%,80
mejores clinicas de fertilidad en barcelona,0,1,0%,80
best hair transplant in spain,0,1,0%,81
dentists implants,0,1,0%,81
greece hair transplant,0,1,0%,81
hair surgeon spain,0,1,0%,81
ivf over 45,0,1,0%,81
dental implants barcelona,0,1,0%,82
dental treatment in europe,0,1,0%,82
hair transplant barcelona,0,1,0%,82
in vitro cost,0,1,0%,82
ivf cost in europe,0,1,0%,82
ivf costs abroad,0,1,0%,82
ivf success rates turkey,0,1,0%,82
ivf treatment abroad costs,0,1,0%,82
leihmutter tschechien klinik,0,1,0%,82
comparar clinicas transplante capilar,0,1,0%,83
cost of ivf packages in puerto vallarta,0,1,0%,83
cost of ivf treatment,0,1,0%,83
ivf praga,0,1,0%,83
fertility treatment cost,0,1,0%,84
hair restoration,0,1,0%,84
how much does it cost for in vitro,0,1,0%,84
ivf cost by country 2024,0,1,0%,84
best ivf clinic in spain for over 40,0,1,0%,85
best ivf clinic in turkey,0,1,0%,85
is dhi better than fue,0,1,0%,85
ivf cost abroad,0,1,0%,85
spain hair transplant,0,1,0%,85
turkey ivf success rate,0,1,0%,85
clinica trasplante capilar alicante,0,1,0%,86
cost fertilizare in vitro,0,1,0%,87
ivf cost by country,0,1,0%,87
medicina capilar españa,0,1,0%,87
advanced ivf,0,1,0%,88
clinicas capilares en barcelona,0,1,0%,88
dental procedures abroad,0,1,0%,88
hair transplant surgery abroad,0,1,0%,88
how much does ivf cost in germany,0,1,0%,88
dental clinic barcelona,0,1,0%,89
honour clinic turkey dental,0,1,0%,89
microinyecciones dutasteride alicante,0,1,0%,89
choosing an ivf clinic abroad,0,1,0%,90
hair transplant cost turkey 2026,0,1,0%,90
hair loss restoration abroad,0,1,0%,91
ivf price,0,1,0%,91
ivf treatment czech republic,0,1,0%,91
centri fivet spagna,0,1,0%,93
direct hair transplant vs fue,0,1,0%,93
average cost of ivf,0,1,0%,94
dhi vs fue cost,0,1,0%,94
dhi vs fue recovery time,0,1,0%,94
fue vs dhi hair transplant,0,1,0%,94
what is the cost of ivf treatment,0,1,0%,94
dhi choi pen vs fue,0,1,0%,95
cliniche spagna ovodonazione,0,1,0%,96
in vitro fertilization prices,0,1,0%,96
hårtransplantasjon i utlandet,0,1,0%,97
ivf greece success rates,0,1,0%,97
turkish dental clinic,0,1,0%,99
best ivf clinics in europe,0,1,0%,100
book istanbul clinic hair transplant,0,1,0%,100